<office:document-content xmlns:meta="urn:oasis:names:tc:opendocument:xmlns:meta:1.0" xmlns:office="urn:oasis:names:tc:opendocument:xmlns:office:1.0" xmlns:ooo="http://openoffice.org/2004/office" xmlns:fo="urn:oasis:names:tc:opendocument:xmlns:xsl-fo-compatible:1.0" xmlns:xlink="http://www.w3.org/1999/xlink" xmlns:dc="http://purl.org/dc/elements/1.1/" xmlns:style="urn:oasis:names:tc:opendocument:xmlns:style:1.0" xmlns:text="urn:oasis:names:tc:opendocument:xmlns:text:1.0" xmlns:draw="urn:oasis:names:tc:opendocument:xmlns:drawing:1.0" xmlns:dr3d="urn:oasis:names:tc:opendocument:xmlns:dr3d:1.0" xmlns:svg="urn:oasis:names:tc:opendocument:xmlns:svg-compatible:1.0" xmlns:chart="urn:oasis:names:tc:opendocument:xmlns:chart:1.0" xmlns:rpt="http://openoffice.org/2005/report" xmlns:table="urn:oasis:names:tc:opendocument:xmlns:table:1.0" xmlns:number="urn:oasis:names:tc:opendocument:xmlns:datastyle:1.0" xmlns:ooow="http://openoffice.org/2004/writer" xmlns:oooc="http://openoffice.org/2004/calc" xmlns:of="urn:oasis:names:tc:opendocument:xmlns:of:1.2" xmlns:tableooo="http://openoffice.org/2009/table" xmlns:calcext="urn:org:documentfoundation:names:experimental:calc:xmlns:calcext:1.0" xmlns:drawooo="http://openoffice.org/2010/draw" xmlns:loext="urn:org:documentfoundation:names:experimental:office:xmlns:loext:1.0" xmlns:field="urn:openoffice:names:experimental:ooo-ms-interop:xmlns:field:1.0" xmlns:math="http://www.w3.org/1998/Math/MathML" xmlns:form="urn:oasis:names:tc:opendocument:xmlns:form:1.0" xmlns:script="urn:oasis:names:tc:opendocument:xmlns:script:1.0" xmlns:dom="http://www.w3.org/2001/xml-events" xmlns:xforms="http://www.w3.org/2002/xforms" xmlns:xsd="http://www.w3.org/2001/XMLSchema" xmlns:xsi="http://www.w3.org/2001/XMLSchema-instance" xmlns:formx="urn:openoffice:names:experimental:ooxml-odf-interop:xmlns:form:1.0" xmlns:xhtml="http://www.w3.org/1999/xhtml" xmlns:grddl="http://www.w3.org/2003/g/data-view#" xmlns:css3t="http://www.w3.org/TR/css3-text/" xmlns:presentation="urn:oasis:names:tc:opendocument:xmlns:presentation:1.0" xmlns:smil="urn:oasis:names:tc:opendocument:xmlns:smil-compatible:1.0" xmlns:anim="urn:oasis:names:tc:opendocument:xmlns:animation:1.0" xmlns:officeooo="http://openoffice.org/2009/office" office:version="1.2"><office:automatic-styles><style:style style:name="dp1" style:family="drawing-page"><style:drawing-page-properties presentation:background-visible="true" presentation:background-objects-visible="true" presentation:display-footer="false" presentation:display-page-number="false" presentation:display-date-time="false" smil:type="fade" smil:subtype="crossfade" smil:fadeColor="#000000"/></style:style><style:style style:name="dp2" style:family="drawing-page"><style:drawing-page-properties presentation:display-header="true" presentation:display-footer="true" presentation:display-page-number="false" presentation:display-date-time="true"/></style:style><style:style style:name="dp3" style:family="drawing-page"><style:drawing-page-properties presentation:background-visible="true" presentation:background-objects-visible="true" presentation:display-footer="true" presentation:display-page-number="true" presentation:display-date-time="true" smil:type="fade" smil:subtype="crossfade" smil:fadeColor="#000000"/></style:style><style:style style:name="gr1" style:family="graphic"><style:graphic-properties style:protect="size"/></style:style></office:automatic-styles><office:body><office:presentation><draw:page draw:name="page1" draw:style-name="dp1" draw:master-page-name="Progress" presentation:presentation-page-layout-name="AL1T0" presentation:use-footer-name="ftr1" presentation:use-date-time-name="dtd1" xml:id="id1" draw:id="id1"><office:forms form:automatic-focus="false" form:apply-design-mode="false"/><draw:frame presentation:style-name="Progress-title" draw:layer="layout" svg:width="25cm" svg:height="2.65cm" draw:transform="rotate (0.142244334037538) translate (1.295cm 9.021cm)" presentation:class="title" presentation:placeholder="true" presentation:user-transformed="true"><draw:text-box/></draw:frame><draw:frame presentation:style-name="Progress-subtitle" draw:layer="layout" svg:width="24.957cm" svg:height="1.721cm" draw:transform="rotate (0.142244334037538) translate (1.688cm 11.524cm)"><draw:text-box><text:p><text:author-name text:fixed="false"/></text:p></draw:text-box></draw:frame><anim:par presentation:node-type="timing-root"><anim:par smil:begin="id1.begin"><anim:transitionFilter smil:dur="2s" smil:type="fade" smil:subtype="crossfade"/></anim:par><anim:seq smil:dur="0s" presentation:node-type="main-sequence"/></anim:par><presentation:notes draw:style-name="dp2"><draw:page-thumbnail draw:style-name="gr1" draw:layer="layout" svg:width="17cm" svg:height="9.56cm" svg:x="2cm" svg:y="2.5cm" draw:page-number="1" presentation:class="page"/><draw:frame presentation:style-name="Progress-notes" draw:layer="layout" svg:width="17cm" svg:height="14cm" svg:x="2cm" svg:y="13cm" presentation:class="notes" presentation:placeholder="true"><draw:text-box/></draw:frame></presentation:notes></draw:page><draw:page draw:name="page2" draw:style-name="dp3" draw:master-page-name="Standard_20_1" presentation:presentation-page-layout-name="AL2T1" presentation:use-date-time-name="dtd1" xml:id="id2" draw:id="id2"><office:forms form:automatic-focus="false" form:apply-design-mode="false"/><draw:frame presentation:style-name="Standard_20_1-title" draw:layer="layout" svg:width="25cm" svg:height="2.65cm" draw:transform="rotate (0.142244334037538) translate (0.189cm 1.344cm)" presentation:class="title" presentation:placeholder="true" presentation:user-transformed="true"><draw:text-box/></draw:frame><draw:frame presentation:style-name="Standard_20_1-outline1" draw:layer="layout" svg:width="25.2cm" svg:height="9.135cm" svg:x="1.4cm" svg:y="4.209cm" presentation:class="outline" presentation:placeholder="true" presentation:user-transformed="true"><draw:text-box/></draw:frame><anim:par presentation:node-type="timing-root"><anim:par smil:begin="id2.begin"><anim:transitionFilter smil:dur="2s" smil:type="fade" smil:subtype="crossfade"/></anim:par><anim:seq smil:dur="0s" presentation:node-type="main-sequence"/></anim:par><presentation:notes draw:style-name="dp2"><draw:page-thumbnail draw:style-name="gr1" draw:layer="layout" svg:width="17cm" svg:height="9.56cm" svg:x="2cm" svg:y="2.5cm" draw:page-number="2" presentation:class="page"/><draw:frame presentation:style-name="Standard_20_1-notes" draw:layer="layout" svg:width="17cm" svg:height="14cm" svg:x="2cm" svg:y="13cm" presentation:class="notes" presentation:placeholder="true"><draw:text-box/></draw:frame></presentation:notes></draw:page><draw:page draw:name="page3" draw:style-name="dp3" draw:master-page-name="Standard" presentation:presentation-page-layout-name="AL2T1" presentation:use-date-time-name="dtd1" xml:id="id3" draw:id="id3"><office:forms form:automatic-focus="false" form:apply-design-mode="false"/><draw:frame presentation:style-name="Standard-title" draw:layer="layout" svg:width="25cm" svg:height="2.65cm" draw:transform="rotate (0.142244334037538) translate (0.195cm 1.973cm)" presentation:class="title" presentation:placeholder="true" presentation:user-transformed="true"><draw:text-box/></draw:frame><draw:frame presentation:style-name="Standard-outline1" draw:layer="layout" svg:width="24.639cm" svg:height="9.135cm" svg:x="1.399cm" svg:y="4.959cm" presentation:class="outline" presentation:placeholder="true" presentation:user-transformed="true"><draw:text-box/></draw:frame><anim:par presentation:node-type="timing-root"><anim:par smil:begin="id3.begin"><anim:transitionFilter smil:dur="2s" smil:type="fade" smil:subtype="crossfade"/></anim:par><anim:seq smil:dur="0s" presentation:node-type="main-sequence"/></anim:par><presentation:notes draw:style-name="dp2"><office:forms form:automatic-focus="false" form:apply-design-mode="false"/><draw:page-thumbnail draw:style-name="gr1" draw:layer="layout" svg:width="17cm" svg:height="9.56cm" svg:x="2cm" svg:y="2.5cm" draw:page-number="3" presentation:class="page"/><draw:frame presentation:style-name="Standard-notes" draw:layer="layout" svg:width="17cm" svg:height="14cm" svg:x="2cm" svg:y="13cm" presentation:class="notes" presentation:placeholder="true"><draw:text-box/></draw:frame></presentation:notes></draw:page><draw:page draw:name="page4" draw:style-name="dp3" draw:master-page-name="Standard_20_2" presentation:presentation-page-layout-name="AL2T1" presentation:use-date-time-name="dtd1" xml:id="id4" draw:id="id4"><office:forms form:automatic-focus="false" form:apply-design-mode="false"/><draw:frame presentation:style-name="Standard_20_2-title" draw:layer="layout" svg:width="25cm" svg:height="2.65cm" draw:transform="rotate (0.142244334037538) translate (0.192cm 3.845cm)" presentation:class="title" presentation:placeholder="true" presentation:user-transformed="true"><draw:text-box/></draw:frame><draw:frame presentation:style-name="Standard_20_2-outline1" draw:layer="layout" svg:width="24.04cm" svg:height="6.909cm" draw:transform="rotate (0.188495559215388) translate (1.549cm 7.769cm)" presentation:class="outline" presentation:placeholder="true" presentation:user-transformed="true"><draw:text-box/></draw:frame><anim:par presentation:node-type="timing-root"><anim:par smil:begin="id4.begin"><anim:transitionFilter smil:dur="2s" smil:type="fade" smil:subtype="crossfade"/></anim:par><anim:seq smil:dur="0s" presentation:node-type="main-sequence"/></anim:par><presentation:notes draw:style-name="dp2"><draw:page-thumbnail draw:style-name="gr1" draw:layer="layout" svg:width="17cm" svg:height="9.56cm" svg:x="2cm" svg:y="2.5cm" draw:page-number="3" presentation:class="page"/><draw:frame presentation:style-name="Standard_20_2-notes" draw:layer="layout" svg:width="17cm" svg:height="14cm" svg:x="2cm" svg:y="13cm" presentation:class="notes" presentation:placeholder="true"><draw:text-box/></draw:frame></presentation:notes></draw:page><presentation:settings presentation:mouse-visible="false"/></office:presentation></office:body></office:document-content>
